{
  "total_samples": 14,
  "average_metrics": {
    "iou": 0.6268492809363774,
    "f1": 0.7680287148271289,
    "precision": 0.7948411319937024,
    "recall": 0.7461592555046082,
    "accuracy": 0.9694859300340924,
    "dice": 0.7680285573005676
  },
  "std_metrics": {
    "iou": 0.07312902665827781,
    "f1": 0.057905505833121644,
    "precision": 0.04665202816945215,
    "recall": 0.07989133633652394
  },
  "range_metrics": {
    "iou_min": 0.4760359823703766,
    "iou_max": 0.7032141089439392
  },
  "confusion_matrix": {
    "tp": 1631771,
    "fp": 419481,
    "fn": 541712,
    "tn": 28907036
  },
  "model_info": {
    "epoch": 18,
    "best_metric": 0.6251463890075684,
    "parameters": 7981365
  },
  "dataset_info": {
    "root": "data/massachusetts",
    "split": "val",
    "patch_size": 512
  }
}