{
  "total_samples": 14,
  "average_metrics": {
    "iou": 0.6308045025382724,
    "f1": 0.7710727070059095,
    "precision": 0.7836163725171771,
    "recall": 0.7623748438698905,
    "accuracy": 0.9695839328425271,
    "dice": 0.7710725452218737
  },
  "std_metrics": {
    "iou": 0.07240453455258945,
    "f1": 0.05722577565297087,
    "precision": 0.0507606308846462,
    "recall": 0.0795035246186525
  },
  "range_metrics": {
    "iou_min": 0.4755370616912842,
    "iou_max": 0.7024942636489868
  },
  "confusion_matrix": {
    "tp": 1668691,
    "fp": 453314,
    "fn": 504792,
    "tn": 28873203
  },
  "model_info": {
    "epoch": 17,
    "best_metric": 0.6310679912567139,
    "parameters": 8301569
  },
  "dataset_info": {
    "root": "data/massachusetts",
    "split": "val",
    "patch_size": 512
  }
}