{
  "total_samples": 49,
  "average_metrics": {
    "iou": 0.6283916897919714,
    "f1": 0.7691357598012808,
    "precision": 0.7748289509695403,
    "recall": 0.7665969814573016,
    "accuracy": 0.9786157839152277,
    "dice": 0.7691356077486154
  },
  "std_metrics": {
    "iou": 0.07433239638428941,
    "f1": 0.058364728124566556,
    "precision": 0.06308664069255364,
    "recall": 0.07035846827031492
  },
  "range_metrics": {
    "iou_min": 0.4168348014354706,
    "iou_max": 0.7610962986946106
  },
  "confusion_matrix": {
    "tp": 4001446,
    "fp": 1178701,
    "fn": 1178909,
    "tn": 103890944
  },
  "model_info": {
    "epoch": 18,
    "best_metric": 0.6207440495491028,
    "parameters": 29168481
  },
  "dataset_info": {
    "root": "data/massachusetts",
    "split": "test",
    "patch_size": 512
  }
}