{
  "train_loss": [
    0.8901606202125549,
    0.6215720772743225,
    0.5791953802108765,
    0.5641724467277527,
    0.5546751618385315,
    0.547540545463562,
    0.541246235370636,
    0.5355589389801025,
    0.5297395586967468,
    0.5240452885627747,
    0.506645917892456,
    0.4991019070148468,
    0.49415168166160583,
    0.4895143210887909,
    0.48415645956993103,
    0.4794960916042328,
    0.47490522265434265,
    0.47047141194343567,
    0.4657888114452362
  ],
  "train_iou": [
    0.4283945560455322,
    0.5103782415390015,
    0.5273134708404541,
    0.5368748307228088,
    0.5445699095726013,
    0.5501166582107544,
    0.5547849535942078,
    0.5592068433761597,
    0.562683641910553,
    0.5668510794639587,
    0.5804084539413452,
    0.5850585699081421,
    0.5887758135795593,
    0.592271089553833,
    0.5955728888511658,
    0.5993046760559082,
    0.6023906469345093,
    0.6064707040786743,
    0.6092321872711182
  ],
  "train_f1": [
    0.599826991558075,
    0.6758286952972412,
    0.6905114054679871,
    0.6986580491065979,
    0.7051414251327515,
    0.7097747325897217,
    0.7136486768722534,
    0.7172967195510864,
    0.7201506495475769,
    0.7235546708106995,
    0.7345045208930969,
    0.7382171154022217,
    0.7411692142486572,
    0.7439326047897339,
    0.7465318441390991,
    0.7494566440582275,
    0.7518650889396667,
    0.7550351023674011,
    0.7571713924407959
  ],
  "val_loss": [
    0.5169815421104431,
    0.47085773944854736,
    0.42503461241722107,
    0.4318692088127136,
    0.41637659072875977,
    0.40831634402275085,
    0.39865899085998535,
    0.4080415666103363,
    0.4029337763786316,
    0.4032365381717682,
    0.38742130994796753,
    0.4071507751941681,
    0.39673516154289246,
    0.42244628071784973,
    0.3946884274482727,
    0.39209413528442383,
    0.40416502952575684,
    0.39965489506721497,
    0.3994869887828827
  ],
  "val_iou": [
    0.5706546902656555,
    0.5634294748306274,
    0.5946656465530396,
    0.589375913143158,
    0.5955590009689331,
    0.605548083782196,
    0.6116976141929626,
    0.6080073118209839,
    0.6127775311470032,
    0.609357476234436,
    0.6231983304023743,
    0.6126602292060852,
    0.6173251271247864,
    0.60558021068573,
    0.620210587978363,
    0.6228541135787964,
    0.6184297800064087,
    0.6176115870475769,
    0.6152155995368958
  ],
  "val_f1": [
    0.726645827293396,
    0.7207610607147217,
    0.7458187341690063,
    0.7416446208953857,
    0.74652099609375,
    0.7543196678161621,
    0.7590725421905518,
    0.7562247514724731,
    0.7599034905433655,
    0.7572681903839111,
    0.7678648233413696,
    0.7598133087158203,
    0.7633904218673706,
    0.7543445825576782,
    0.7655927538871765,
    0.7676035165786743,
    0.7642344832420349,
    0.7636093497276306,
    0.7617753148078918
  ],
  "lr": [
    0.0001,
    0.0001,
    0.0001,
    0.0001,
    0.0001,
    0.0001,
    0.0001,
    0.0001,
    0.0001,
    0.0001,
    5e-05,
    5e-05,
    5e-05,
    5e-05,
    5e-05,
    5e-05,
    5e-05,
    5e-05,
    5e-05
  ]
}