{
  "train_loss": [
    0.8646743893623352,
    0.6042285561561584,
    0.5690918564796448,
    0.5537368059158325,
    0.5420509576797485,
    0.5334196090698242,
    0.5262802243232727,
    0.5184744000434875,
    0.5115461349487305,
    0.5045111179351807,
    0.483156681060791,
    0.47464579343795776,
    0.4685450792312622,
    0.46210619807243347,
    0.456374853849411,
    0.4502587616443634,
    0.44516050815582275,
    0.43898093700408936,
    0.4331390857696533,
    0.4280398190021515
  ],
  "train_iou": [
    0.44990238547325134,
    0.5193645358085632,
    0.5347104668617249,
    0.544636070728302,
    0.5536892414093018,
    0.5597937703132629,
    0.5651087164878845,
    0.5704562664031982,
    0.5759761333465576,
    0.5810355544090271,
    0.5974165797233582,
    0.6038491725921631,
    0.609106719493866,
    0.6142265200614929,
    0.619030237197876,
    0.6240649819374084,
    0.6287218332290649,
    0.633886992931366,
    0.6391783952713013,
    0.644202709197998
  ],
  "train_f1": [
    0.6205971240997314,
    0.6836604475975037,
    0.6968228220939636,
    0.7051969170570374,
    0.7127415537834167,
    0.7177793979644775,
    0.7221336960792542,
    0.7264849543571472,
    0.7309454679489136,
    0.7350065112113953,
    0.7479786276817322,
    0.7530000805854797,
    0.7570745348930359,
    0.7610167264938354,
    0.7646928429603577,
    0.768522322177887,
    0.7720433473587036,
    0.7759252786636353,
    0.7798766493797302,
    0.7836050987243652
  ],
  "val_loss": [
    0.5027446150779724,
    0.4681740701198578,
    0.43776682019233704,
    0.42595359683036804,
    0.4353524446487427,
    0.4208720624446869,
    0.42438197135925293,
    0.40707167983055115,
    0.40781527757644653,
    0.4094736874103546,
    0.39779606461524963,
    0.40563735365867615,
    0.40548551082611084,
    0.4081368148326874,
    0.4013277590274811,
    0.41337671875953674,
    0.40215906500816345,
    0.4029332101345062,
    0.4079436957836151,
    0.4141034483909607
  ],
  "val_iou": [
    0.5664353370666504,
    0.5625004768371582,
    0.5834673643112183,
    0.595316469669342,
    0.5903191566467285,
    0.6023934483528137,
    0.597435474395752,
    0.6124961972236633,
    0.6088603734970093,
    0.6111955642700195,
    0.6193004846572876,
    0.6176080703735352,
    0.6173102855682373,
    0.613547146320343,
    0.6185087561607361,
    0.613065242767334,
    0.6195122599601746,
    0.6207440495491028,
    0.6170626878738403,
    0.6142671704292297
  ],
  "val_f1": [
    0.7232159376144409,
    0.7200005650520325,
    0.7369492053985596,
    0.7463304400444031,
    0.7423909902572632,
    0.7518672347068787,
    0.7479934096336365,
    0.7596871256828308,
    0.7568841576576233,
    0.7586858868598938,
    0.764898955821991,
    0.7636066675186157,
    0.7633790969848633,
    0.7604950666427612,
    0.7642947435379028,
    0.760124683380127,
    0.7650604248046875,
    0.7659990191459656,
    0.7631897330284119,
    0.7610478401184082
  ],
  "lr": [
    0.0001,
    0.0001,
    0.0001,
    0.0001,
    0.0001,
    0.0001,
    0.0001,
    0.0001,
    0.0001,
    0.0001,
    5e-05,
    5e-05,
    5e-05,
    5e-05,
    5e-05,
    5e-05,
    5e-05,
    5e-05,
    5e-05,
    5e-05
  ]
}