{
  "total_samples": 14,
  "average_metrics": {
    "iou": 0.6163123207432883,
    "f1": 0.7602047324180603,
    "precision": 0.7285909312111991,
    "recall": 0.7973663125719342,
    "accuracy": 0.9666754645960671,
    "dice": 0.7602045706340245
  },
  "std_metrics": {
    "iou": 0.06931526263781852,
    "f1": 0.056271427775207127,
    "precision": 0.05026042213984656,
    "recall": 0.07648528737539055
  },
  "range_metrics": {
    "iou_min": 0.4490389823913574,
    "iou_max": 0.6875064373016357
  },
  "confusion_matrix": {
    "tp": 1747220,
    "fp": 623460,
    "fn": 426263,
    "tn": 28703057
  },
  "model_info": {
    "epoch": 11,
    "best_metric": 0.6205318570137024,
    "parameters": 46781608
  },
  "dataset_info": {
    "root": "data/massachusetts",
    "split": "val",
    "patch_size": 512
  }
}