{
  "train_loss": [
    0.9401325583457947
  ],
  "train_iou": [
    0.4043116271495819
  ],
  "train_f1": [
    0.5758150815963745
  ],
  "val_loss": [
    0.5470685362815857
  ],
  "val_iou": [
    0.5610083341598511
  ],
  "val_f1": [
    0.718777060508728
  ],
  "lr": [
    0.0001
  ]
}