{
  "total_samples": 14,
  "average_metrics": {
    "iou": 0.6272528405700412,
    "f1": 0.7684051990509033,
    "precision": 0.7989313900470734,
    "recall": 0.7442391472203391,
    "accuracy": 0.9697418468339103,
    "dice": 0.7684050457818168
  },
  "std_metrics": {
    "iou": 0.07214200829139059,
    "f1": 0.057090087364619,
    "precision": 0.0487205755762972,
    "recall": 0.08224440799287373
  },
  "range_metrics": {
    "iou_min": 0.48300760984420776,
    "iou_max": 0.6935715079307556
  },
  "confusion_matrix": {
    "tp": 1619144,
    "fp": 398793,
    "fn": 554339,
    "tn": 28927724
  },
  "model_info": {
    "epoch": 15,
    "best_metric": 0.6253231763839722,
    "parameters": 18340481
  },
  "dataset_info": {
    "root": "data/massachusetts",
    "split": "val",
    "patch_size": 512
  }
}