{
  "train_loss": [
    0.9915894865989685,
    0.6262320280075073,
    0.5765758156776428,
    0.5629209876060486,
    0.5539299845695496,
    0.5469120144844055,
    0.5421403646469116,
    0.5369213223457336,
    0.532326877117157,
    0.5275706648826599,
    0.5116431713104248,
    0.5052667260169983,
    0.5008726716041565,
    0.496356725692749,
    0.49217578768730164,
    0.48871082067489624,
    0.48507386445999146,
    0.4806738495826721,
    0.47710126638412476,
    0.473187655210495
  ],
  "train_iou": [
    0.40062257647514343,
    0.5180167555809021,
    0.5322010517120361,
    0.5415527820587158,
    0.5488290190696716,
    0.5538066625595093,
    0.5575892925262451,
    0.5616535544395447,
    0.5654417872428894,
    0.5688897371292114,
    0.581635594367981,
    0.5862938761711121,
    0.5896940231323242,
    0.5930193662643433,
    0.5961417555809021,
    0.5991228818893433,
    0.6015140414237976,
    0.6049242615699768,
    0.6076517105102539,
    0.610828697681427
  ],
  "train_f1": [
    0.5720639824867249,
    0.6824917197227478,
    0.6946884989738464,
    0.7026070356369019,
    0.7087020874023438,
    0.7128387689590454,
    0.7159646153450012,
    0.7193064093589783,
    0.7224055528640747,
    0.725213348865509,
    0.7354864478111267,
    0.7391997575759888,
    0.741896390914917,
    0.7445226907730103,
    0.7469785213470459,
    0.7493144869804382,
    0.7511819005012512,
    0.7538354396820068,
    0.7559496164321899,
    0.7584032416343689
  ],
  "val_loss": [
    0.569768488407135,
    0.4435468316078186,
    0.4253256320953369,
    0.42041075229644775,
    0.41611936688423157,
    0.40500330924987793,
    0.40502020716667175,
    0.40089648962020874,
    0.41698741912841797,
    0.4103121757507324,
    0.3909243941307068,
    0.38905471563339233,
    0.39033812284469604,
    0.3925204873085022,
    0.3922199010848999,
    0.3955724239349365,
    0.38350704312324524,
    0.4039664566516876,
    0.3988407850265503,
    0.3971814513206482
  ],
  "val_iou": [
    0.5738406777381897,
    0.5871226787567139,
    0.5968658924102783,
    0.5987979769706726,
    0.6059050559997559,
    0.6115304827690125,
    0.6142351031303406,
    0.6137067675590515,
    0.6058101058006287,
    0.609258770942688,
    0.6223835945129395,
    0.6285763382911682,
    0.6242496371269226,
    0.6228437423706055,
    0.6251130700111389,
    0.6234816312789917,
    0.6310679912567139,
    0.6196827292442322,
    0.6232149600982666,
    0.6252370476722717
  ],
  "val_f1": [
    0.7292235493659973,
    0.7398581504821777,
    0.7475468516349792,
    0.7490604519844055,
    0.754596471786499,
    0.7589439153671265,
    0.761023223400116,
    0.7606176137924194,
    0.7545228004455566,
    0.7571919560432434,
    0.7672460675239563,
    0.7719336748123169,
    0.7686623334884644,
    0.767595648765564,
    0.7693166136741638,
    0.7680797576904297,
    0.7738096714019775,
    0.7651903629302979,
    0.7678773999214172,
    0.7694103717803955
  ],
  "lr": [
    0.0001,
    0.0001,
    0.0001,
    0.0001,
    0.0001,
    0.0001,
    0.0001,
    0.0001,
    0.0001,
    0.0001,
    5e-05,
    5e-05,
    5e-05,
    5e-05,
    5e-05,
    5e-05,
    5e-05,
    5e-05,
    5e-05,
    5e-05
  ]
}