{
  "train_loss": [
    0.9429020881652832,
    0.6279805898666382,
    0.5804232954978943,
    0.5659246444702148,
    0.5562700033187866,
    0.5498626232147217,
    0.5426528453826904,
    0.5384494662284851,
    0.533378541469574,
    0.5285719633102417,
    0.5116878747940063,
    0.5047383904457092,
    0.4993792474269867,
    0.496143639087677,
    0.49069860577583313,
    0.4871312379837036,
    0.48195600509643555,
    0.47722747921943665,
    0.47295472025871277,
    0.4678657352924347
  ],
  "train_iou": [
    0.40444591641426086,
    0.5090275406837463,
    0.5268608927726746,
    0.5364000797271729,
    0.5438205599784851,
    0.5496295690536499,
    0.5552095174789429,
    0.5584458708763123,
    0.5619027614593506,
    0.5662949085235596,
    0.5795789957046509,
    0.5837722420692444,
    0.5875436067581177,
    0.59073805809021,
    0.5940314531326294,
    0.5971464514732361,
    0.600979745388031,
    0.6045613884925842,
    0.6079416275024414,
    0.6120219826698303
  ],
  "train_f1": [
    0.5759512782096863,
    0.6746433973312378,
    0.6901231408119202,
    0.6982559561729431,
    0.704512894153595,
    0.7093691229820251,
    0.7139998078346252,
    0.7166703939437866,
    0.7195107340812683,
    0.7231014370918274,
    0.7338399887084961,
    0.7371923327445984,
    0.7401922345161438,
    0.7427221536636353,
    0.7453197240829468,
    0.7477668523788452,
    0.7507651448249817,
    0.7535536289215088,
    0.756173849105835,
    0.7593222260475159
  ],
  "val_loss": [
    0.5358545184135437,
    0.4501684606075287,
    0.42468252778053284,
    0.4312072694301605,
    0.4168061912059784,
    0.4075935184955597,
    0.42125198245048523,
    0.41190215945243835,
    0.3986423909664154,
    0.41650164127349854,
    0.39674314856529236,
    0.3933638632297516,
    0.4081653952598572,
    0.39575517177581787,
    0.39304307103157043,
    0.3933018743991852,
    0.3972272574901581,
    0.38898056745529175,
    0.4038645327091217,
    0.4089401960372925
  ],
  "val_iou": [
    0.5632096529006958,
    0.5761446356773376,
    0.5928993821144104,
    0.5901538133621216,
    0.6022648811340332,
    0.6085816025733948,
    0.5981295704841614,
    0.6058363318443298,
    0.6149321794509888,
    0.6084279417991638,
    0.618369460105896,
    0.6205467581748962,
    0.6144406199455261,
    0.6213011145591736,
    0.6253231763839722,
    0.6248722076416016,
    0.621666431427002,
    0.6245788931846619,
    0.619335412979126,
    0.6167154908180237
  ],
  "val_f1": [
    0.7205813527107239,
    0.7310811281204224,
    0.7444280385971069,
    0.7422600984573364,
    0.751767098903656,
    0.756668746471405,
    0.7485371828079224,
    0.7545432448387146,
    0.7615579962730408,
    0.7565500736236572,
    0.7641884088516235,
    0.7658488154411316,
    0.7611809372901917,
    0.7664229869842529,
    0.7694756388664246,
    0.7691341042518616,
    0.7667008638381958,
    0.7689118385314941,
    0.7649255990982056,
    0.762924075126648
  ],
  "lr": [
    0.0001,
    0.0001,
    0.0001,
    0.0001,
    0.0001,
    0.0001,
    0.0001,
    0.0001,
    0.0001,
    0.0001,
    5e-05,
    5e-05,
    5e-05,
    5e-05,
    5e-05,
    5e-05,
    5e-05,
    5e-05,
    5e-05,
    5e-05
  ]
}