{
  "total_samples": 49,
  "average_metrics": {
    "iou": 0.6431581432722053,
    "f1": 0.7801811865397862,
    "precision": 0.7910299544431725,
    "recall": 0.7725486840520587,
    "accuracy": 0.979803487962606,
    "dice": 0.7801810442184915
  },
  "std_metrics": {
    "iou": 0.07497852390813735,
    "f1": 0.05820716189679686,
    "precision": 0.05158970541172982,
    "recall": 0.0776846391014512
  },
  "range_metrics": {
    "iou_min": 0.4196043610572815,
    "iou_max": 0.7728918194770813
  },
  "confusion_matrix": {
    "tp": 4026434,
    "fp": 1072744,
    "fn": 1153921,
    "tn": 103996901
  },
  "model_info": {
    "epoch": 17,
    "best_metric": 0.6310679912567139,
    "parameters": 8301569
  },
  "dataset_info": {
    "root": "data/massachusetts",
    "split": "test",
    "patch_size": 512
  }
}