{
  "train_loss": [
    1.0338953733444214,
    0.6657726168632507,
    0.5879302024841309,
    0.569252073764801,
    0.5589901208877563,
    0.5516226291656494,
    0.5450219511985779,
    0.540956437587738,
    0.5355619788169861,
    0.5321398973464966,
    0.5160984992980957,
    0.5098836421966553,
    0.5054764151573181,
    0.500909686088562,
    0.4966512620449066,
    0.49271759390830994,
    0.4886528253555298,
    0.4846307337284088,
    0.48039138317108154,
    0.4769885838031769
  ],
  "train_iou": [
    0.39419034123420715,
    0.5112465023994446,
    0.528172492980957,
    0.5374621152877808,
    0.5444413423538208,
    0.55045086145401,
    0.5555387735366821,
    0.5590100884437561,
    0.5630109906196594,
    0.5659438967704773,
    0.5781349539756775,
    0.5824840664863586,
    0.5858681201934814,
    0.5892707109451294,
    0.5922236442565918,
    0.5950177907943726,
    0.5983697175979614,
    0.6012864708900452,
    0.6046550273895264,
    0.6074522733688354
  ],
  "train_f1": [
    0.5654760599136353,
    0.6765893697738647,
    0.6912474036216736,
    0.6991551518440247,
    0.7050336599349976,
    0.7100528478622437,
    0.7142720222473145,
    0.7171348333358765,
    0.7204186916351318,
    0.722815215587616,
    0.7326814532279968,
    0.736164391040802,
    0.7388612627983093,
    0.7415612936019897,
    0.7438951730728149,
    0.7460956573486328,
    0.748725175857544,
    0.7510042786598206,
    0.7536263465881348,
    0.7557952404022217
  ],
  "val_loss": [
    0.62926185131073,
    0.47378823161125183,
    0.4269891679286957,
    0.4470621347427368,
    0.4270334243774414,
    0.4074609875679016,
    0.41172879934310913,
    0.4151822030544281,
    0.4066481292247772,
    0.41110527515411377,
    0.41174525022506714,
    0.392421156167984,
    0.3956812024116516,
    0.39387813210487366,
    0.39893484115600586,
    0.4012620449066162,
    0.3961428701877594,
    0.38868242502212524,
    0.40254536271095276,
    0.395092636346817
  ],
  "val_iou": [
    0.5520098209381104,
    0.5772384405136108,
    0.5964066982269287,
    0.581000804901123,
    0.5951792001724243,
    0.6109873652458191,
    0.6072796583175659,
    0.6052755117416382,
    0.6108735203742981,
    0.6103544235229492,
    0.6126391291618347,
    0.6235067248344421,
    0.6199648976325989,
    0.6208112239837646,
    0.6201937794685364,
    0.6168534755706787,
    0.621016263961792,
    0.6251463890075684,
    0.6161890625953674,
    0.6202667355537415
  ],
  "val_f1": [
    0.7113484740257263,
    0.7319610714912415,
    0.7471866011619568,
    0.7349786758422852,
    0.7462225556373596,
    0.7585254907608032,
    0.7556616067886353,
    0.7541081309318542,
    0.7584377527236938,
    0.7580375075340271,
    0.7597970962524414,
    0.7680988311767578,
    0.765405535697937,
    0.7660501599311829,
    0.765579879283905,
    0.7630296945571899,
    0.7662063241004944,
    0.7693418264389038,
    0.7625211477279663,
    0.7656354904174805
  ],
  "lr": [
    0.0001,
    0.0001,
    0.0001,
    0.0001,
    0.0001,
    0.0001,
    0.0001,
    0.0001,
    0.0001,
    0.0001,
    5e-05,
    5e-05,
    5e-05,
    5e-05,
    5e-05,
    5e-05,
    5e-05,
    5e-05,
    5e-05,
    5e-05
  ]
}