{
  "train_loss": [
    0.854580532187111,
    0.6141859238352395,
    0.5808945924964144
  ],
  "train_iou": [
    0.4349996461399277,
    0.501174494770612,
    0.5190482745461548
  ],
  "train_f1": [
    0.5929008222900625,
    0.6578781243166683,
    0.6732310318048055
  ],
  "val_loss": [
    0.49950867239385843,
    0.45105332136154175,
    0.4211162570863962
  ],
  "val_iou": [
    0.5700018995335192,
    0.5766967132457499,
    0.594251160911679
  ],
  "val_f1": [
    0.7236062641013837,
    0.7287599855733595,
    0.7426477527001422
  ],
  "lr": [
    0.0001,
    0.0001,
    0.0001
  ]
}