{
  "train_loss": [
    NaN
  ],
  "train_iou": [
    0.4619266390800476
  ],
  "train_f1": [
    0.631942629814148
  ],
  "val_loss": [
    NaN
  ],
  "val_iou": [
    4.3959039425049695e-13
  ],
  "val_f1": [
    9.999999974752427e-07
  ],
  "lr": [
    0.0001
  ]
}