{
  "train_loss": [
    0.018550710752606392,
    0.015954818576574326,
    0.015291665680706501,
    0.014681026339530945,
    0.014204729348421097,
    0.013730663806200027,
    0.013151122257113457,
    0.012508183717727661,
    0.011886820197105408,
    0.01132280845195055,
    0.01075395941734314,
    0.010285691358149052,
    0.009890587069094181,
    0.009466546587646008,
    0.009098315611481667,
    0.008756613358855247,
    0.008423932828009129,
    0.008117075078189373,
    0.007831796072423458
  ],
  "train_iou": [
    0.48503512144088745,
    0.5293573141098022,
    0.5419166684150696,
    0.5516775846481323,
    0.5602763295173645,
    0.5670068264007568,
    0.5756307244300842,
    0.5849383473396301,
    0.5942205786705017,
    0.6038623452186584,
    0.6137992739677429,
    0.6223606467247009,
    0.631439745426178,
    0.6419823169708252,
    0.6515055298805237,
    0.6619545817375183,
    0.6726931929588318,
    0.6835435628890991,
    0.6943445205688477
  ],
  "train_f1": [
    0.6532307267189026,
    0.6922613978385925,
    0.7029132843017578,
    0.7110726237297058,
    0.718176007270813,
    0.7236815094947815,
    0.7306671738624573,
    0.7381213903427124,
    0.7454686164855957,
    0.7530103325843811,
    0.7606886029243469,
    0.7672285437583923,
    0.7740890383720398,
    0.7819603085517883,
    0.7889838218688965,
    0.7965977787971497,
    0.8043236136436462,
    0.8120297193527222,
    0.8196026682853699
  ],
  "val_loss": [
    0.018172135576605797,
    0.016241490840911865,
    0.0157530028373003,
    0.01576250232756138,
    0.015012068673968315,
    0.015546927228569984,
    0.014975191093981266,
    0.01734360121190548,
    0.01763332635164261,
    0.019001103937625885,
    0.02106531895697117,
    0.022181591019034386,
    0.0223372969776392,
    0.024531196802854538,
    0.029247982427477837,
    0.029099538922309875,
    0.03154454752802849,
    0.03355609253048897,
    0.03592308610677719
  ],
  "val_iou": [
    0.5577160120010376,
    0.5939708352088928,
    0.5823128819465637,
    0.5955365300178528,
    0.5913110971450806,
    0.6146667003631592,
    0.6198302507400513,
    0.6117581725120544,
    0.6200097799301147,
    0.6175794005393982,
    0.6205318570137024,
    0.6164442896842957,
    0.6104392409324646,
    0.6113590598106384,
    0.6110002994537354,
    0.6123672723770142,
    0.6158042550086975,
    0.6161670088768005,
    0.6122413873672485
  ],
  "val_f1": [
    0.7160691618919373,
    0.7452720999717712,
    0.7360275983810425,
    0.7465033531188965,
    0.7431748509407043,
    0.7613544464111328,
    0.7653028964996338,
    0.7591191530227661,
    0.7654396891593933,
    0.7635847926139832,
    0.7658373713493347,
    0.7627164721488953,
    0.7581029534339905,
    0.7588118314743042,
    0.7585353851318359,
    0.7595878839492798,
    0.7622264623641968,
    0.7625043392181396,
    0.7594910860061646
  ],
  "lr": [
    0.0001,
    9.548853816214998e-05,
    9.095325760829622e-05,
    8.639269723028191e-05,
    8.180521460508584e-05,
    7.718895067235705e-05,
    7.2541784693722e-05,
    6.78612759258125e-05,
    6.314458674893553e-05,
    5.838837929199803e-05,
    5.358867312681466e-05,
    4.874064391789954e-05,
    4.38383290554087e-05,
    3.887417987987635e-05,
    3.3838346190164985e-05,
    2.8717458874925874e-05,
    2.3492378861760376e-05,
    1.8133520731367457e-05,
    1.2589254117941671e-05
  ]
}