{
  "train_loss": [
    0.019180577248334885
  ],
  "train_iou": [
    0.4588000774383545
  ],
  "train_f1": [
    0.6290105581283569
  ],
  "val_loss": [
    0.016676194965839386
  ],
  "val_iou": [
    0.5845449566841125
  ],
  "val_f1": [
    0.7378081679344177
  ],
  "lr": [
    0.0001
  ]
}