{
  "train_loss": [
    0.7918007969856262,
    0.6211954951286316,
    0.5906180739402771,
    0.5741696357727051,
    0.5633630752563477,
    0.5550175905227661,
    0.5475501418113708,
    0.5408177971839905,
    0.5348161458969116,
    0.5301200747489929,
    0.5154945254325867,
    0.5104270577430725,
    0.5064059495925903,
    0.5029589533805847,
    0.4997442066669464,
    0.49585893750190735,
    0.493221640586853,
    0.4893840253353119,
    0.4862704277038574,
    0.4829040765762329
  ],
  "train_iou": [
    0.34148484468460083,
    0.4906747341156006,
    0.5178739428520203,
    0.5326268672943115,
    0.5417219400405884,
    0.5461211204528809,
    0.5556478500366211,
    0.5609909296035767,
    0.5656973719596863,
    0.5695638656616211,
    0.5809553265571594,
    0.5846960544586182,
    0.5875375270843506,
    0.5904369354248047,
    0.5930858850479126,
    0.5957295894622803,
    0.5979339480400085,
    0.6010441780090332,
    0.6034373641014099,
    0.6060433983802795
  ],
  "train_f1": [
    0.5091152787208557,
    0.6583259701728821,
    0.6823678016662598,
    0.6950511336326599,
    0.7027494311332703,
    0.7064404487609863,
    0.7143622040748596,
    0.7187627553939819,
    0.7226141095161438,
    0.725760817527771,
    0.7349422574043274,
    0.7379283905029297,
    0.740187406539917,
    0.7424841523170471,
    0.7445750832557678,
    0.7466549873352051,
    0.7483839988708496,
    0.7508153915405273,
    0.7526798844337463,
    0.7547037601470947
  ],
  "val_loss": [
    0.52338045835495,
    0.496595174074173,
    0.4693324863910675,
    0.42730122804641724,
    0.42175763845443726,
    0.4199927747249603,
    0.41538578271865845,
    0.41700857877731323,
    0.41593557596206665,
    0.39188599586486816,
    0.39862897992134094,
    0.3955414295196533,
    0.3884401321411133,
    0.39201462268829346,
    0.38540276885032654,
    0.395184189081192,
    0.388119637966156,
    0.3852359652519226,
    0.3977173864841461,
    0.3872224688529968
  ],
  "val_iou": [
    0.5245372653007507,
    0.5388364791870117,
    0.5565366744995117,
    0.5935943126678467,
    0.6015176773071289,
    0.600656270980835,
    0.6011500954627991,
    0.6013374924659729,
    0.6042841672897339,
    0.6209630370140076,
    0.6189064383506775,
    0.6160176396369934,
    0.6248738765716553,
    0.6226510405540466,
    0.6276992559432983,
    0.6222636699676514,
    0.6264102458953857,
    0.6280457377433777,
    0.6217480897903442,
    0.6264700293540955
  ],
  "val_f1": [
    0.6881267428398132,
    0.7003169655799866,
    0.7150962948799133,
    0.7449755668640137,
    0.7511847615242004,
    0.7505126595497131,
    0.750898003578186,
    0.7510442137718201,
    0.7533382177352905,
    0.7661656737327576,
    0.7645983099937439,
    0.7623898983001709,
    0.7691352963447571,
    0.7674492597579956,
    0.7712718844413757,
    0.7671549916267395,
    0.770298182964325,
    0.7715334296226501,
    0.7667629718780518,
    0.7703433036804199
  ],
  "lr": [
    0.0001,
    0.0001,
    0.0001,
    0.0001,
    0.0001,
    0.0001,
    0.0001,
    0.0001,
    0.0001,
    0.0001,
    5e-05,
    5e-05,
    5e-05,
    5e-05,
    5e-05,
    5e-05,
    5e-05,
    5e-05,
    5e-05,
    5e-05
  ]
}