{
  "train_loss": [
    0.01869974657893181
  ],
  "train_iou": [
    0.4736712574958801
  ],
  "train_f1": [
    0.6428455114364624
  ],
  "val_loss": [
    0.01689230278134346
  ],
  "val_iou": [
    0.5772532224655151
  ],
  "val_f1": [
    0.7319729328155518
  ],
  "lr": [
    0.0001
  ]
}