{
  "total_samples": 14,
  "average_metrics": {
    "iou": 0.6298107483557293,
    "f1": 0.7702674184526715,
    "precision": 0.783427779163633,
    "recall": 0.7603500868592944,
    "accuracy": 0.9695576855114528,
    "dice": 0.7702672566686358
  },
  "std_metrics": {
    "iou": 0.0732423471114987,
    "f1": 0.057819384049521645,
    "precision": 0.051349108467109696,
    "recall": 0.07659049372425542
  },
  "range_metrics": {
    "iou_min": 0.48048409819602966,
    "iou_max": 0.7107481956481934
  },
  "confusion_matrix": {
    "tp": 1656330,
    "fp": 441780,
    "fn": 517153,
    "tn": 28884737
  },
  "model_info": {
    "epoch": 16,
    "best_metric": 0.6288180947303772,
    "parameters": 7849601
  },
  "dataset_info": {
    "root": "data/massachusetts",
    "split": "val",
    "patch_size": 512
  }
}