{
  "train_loss": [
    NaN
  ],
  "train_iou": [
    0.056139279156923294
  ],
  "train_f1": [
    0.10631288588047028
  ],
  "val_loss": [
    NaN
  ],
  "val_iou": [
    4.3959039425049695e-13
  ],
  "val_f1": [
    9.999999974752427e-07
  ],
  "lr": [
    0.0003
  ]
}