{
  "train_loss": [
    0.8633648573730636
  ],
  "train_iou": [
    0.4332636388530872
  ],
  "train_f1": [
    0.5920708503612201
  ],
  "val_loss": [
    0.5130793107673526
  ],
  "val_iou": [
    0.5678946228591898
  ],
  "val_f1": [
    0.7220167711141368
  ],
  "lr": [
    0.0001
  ]
}