{
  "train_loss": [
    1.030381202697754,
    0.6488792300224304,
    0.5859072804450989,
    0.5686948299407959,
    0.5593975782394409,
    0.5517131686210632,
    0.5457292795181274,
    0.5402029156684875,
    0.5351606011390686,
    0.5304835438728333,
    0.514898419380188,
    0.5082422494888306,
    0.5038833022117615,
    0.49944138526916504,
    0.49577596783638,
    0.4914298355579376,
    0.4865466356277466,
    0.4827675223350525,
    0.4792272746562958,
    0.47529223561286926
  ],
  "train_iou": [
    0.37634554505348206,
    0.5091626644134521,
    0.5266978144645691,
    0.5371827483177185,
    0.543912410736084,
    0.5499544739723206,
    0.554529070854187,
    0.5590371489524841,
    0.5627891421318054,
    0.566555917263031,
    0.5784571170806885,
    0.583346962928772,
    0.5861100554466248,
    0.5898189544677734,
    0.5925909280776978,
    0.5959440469741821,
    0.599261999130249,
    0.6024864315986633,
    0.6054531931877136,
    0.6084853410720825
  ],
  "train_f1": [
    0.5468769669532776,
    0.6747621297836304,
    0.6899831891059875,
    0.6989187598228455,
    0.7045899629592896,
    0.7096397280693054,
    0.7134369611740112,
    0.7171571254730225,
    0.7202369570732117,
    0.7233141660690308,
    0.7329400777816772,
    0.7368531227111816,
    0.7390536069869995,
    0.7419952750205994,
    0.7441849112510681,
    0.7468233108520508,
    0.7494233250617981,
    0.751939594745636,
    0.7542459964752197,
    0.7565943598747253
  ],
  "val_loss": [
    0.6299707293510437,
    0.48464730381965637,
    0.43722429871559143,
    0.4214295744895935,
    0.4275806248188019,
    0.410695344209671,
    0.40734732151031494,
    0.4144710898399353,
    0.42114678025245667,
    0.4160177707672119,
    0.39750227332115173,
    0.3942369520664215,
    0.4001104235649109,
    0.39915603399276733,
    0.39946281909942627,
    0.3891173005104065,
    0.38514167070388794,
    0.38733166456222534,
    0.3961441218852997,
    0.4037087559700012
  ],
  "val_iou": [
    0.5463614463806152,
    0.562466025352478,
    0.5886716842651367,
    0.6005499362945557,
    0.5927376747131348,
    0.6079771518707275,
    0.6092844009399414,
    0.6062533855438232,
    0.6023510694503784,
    0.6055111289024353,
    0.6168938279151917,
    0.6221638917922974,
    0.6192092299461365,
    0.6220590472221375,
    0.6203050017356873,
    0.6288180947303772,
    0.6292274594306946,
    0.6280441284179688,
    0.6223431825637817,
    0.6216831207275391
  ],
  "val_f1": [
    0.7066416144371033,
    0.7199723720550537,
    0.7410867810249329,
    0.7504296898841858,
    0.7443006634712219,
    0.7562013268470764,
    0.7572117447853088,
    0.7548666000366211,
    0.7518342137336731,
    0.7542909383773804,
    0.7630605697631836,
    0.7670790553092957,
    0.7648292779922485,
    0.766999363899231,
    0.7656646966934204,
    0.77211594581604,
    0.7724244594573975,
    0.7715321779251099,
    0.7672153115272522,
    0.766713559627533
  ],
  "lr": [
    0.0001,
    0.0001,
    0.0001,
    0.0001,
    0.0001,
    0.0001,
    0.0001,
    0.0001,
    0.0001,
    0.0001,
    5e-05,
    5e-05,
    5e-05,
    5e-05,
    5e-05,
    5e-05,
    5e-05,
    5e-05,
    5e-05,
    5e-05
  ]
}