{
  "train_loss": [
    0.7502738237380981,
    0.5978542566299438,
    0.573716402053833,
    0.5589905381202698,
    0.5495071411132812,
    0.5394073724746704,
    0.5324931144714355,
    0.5253868699073792,
    0.5191226601600647,
    0.512653112411499,
    0.4957948923110962,
    0.48925068974494934,
    0.48368585109710693,
    0.47828179597854614,
    0.4735480844974518,
    0.4688775837421417,
    0.46422579884529114,
    0.4594934582710266,
    0.4552335739135742,
    0.4510610103607178
  ],
  "train_iou": [
    0.36744633316993713,
    0.5107281804084778,
    0.533349335193634,
    0.5456520915031433,
    0.5536779165267944,
    0.5618035197257996,
    0.5672925710678101,
    0.5729137659072876,
    0.5776653289794922,
    0.5826035141944885,
    0.595967173576355,
    0.600837230682373,
    0.6054131388664246,
    0.6095628142356873,
    0.6136980652809143,
    0.6174850463867188,
    0.6214744448661804,
    0.6252570748329163,
    0.6290086507797241,
    0.6329184770584106
  ],
  "train_f1": [
    0.5374202132225037,
    0.6761353611946106,
    0.6956660151481628,
    0.7060480117797852,
    0.7127320766448975,
    0.7194293737411499,
    0.7239142656326294,
    0.7284746170043945,
    0.7323041558265686,
    0.7362597584724426,
    0.746841549873352,
    0.750653862953186,
    0.7542149424552917,
    0.7574266195297241,
    0.7606109976768494,
    0.7635127305984497,
    0.7665550112724304,
    0.7694255113601685,
    0.7722595930099487,
    0.7751992344856262
  ],
  "val_loss": [
    0.4817182123661041,
    0.4597032368183136,
    0.4375079274177551,
    0.4101657271385193,
    0.43547648191452026,
    0.41197341680526733,
    0.3968340754508972,
    0.4045475423336029,
    0.40643176436424255,
    0.39379778504371643,
    0.3870221972465515,
    0.3983100354671478,
    0.38933447003364563,
    0.390046626329422,
    0.4011646509170532,
    0.3915684223175049,
    0.3876333236694336,
    0.40235844254493713,
    0.38806387782096863,
    0.40317195653915405
  ],
  "val_iou": [
    0.5499616861343384,
    0.573051393032074,
    0.5880399942398071,
    0.6057748794555664,
    0.5924558043479919,
    0.610565185546875,
    0.6160319447517395,
    0.6145070195198059,
    0.6153746843338013,
    0.6235169172286987,
    0.6279209852218628,
    0.6214410066604614,
    0.6311215758323669,
    0.6288865804672241,
    0.6225059032440186,
    0.6306825876235962,
    0.6302374005317688,
    0.6247116923332214,
    0.632165789604187,
    0.624474287033081
  ],
  "val_f1": [
    0.7096457481384277,
    0.7285858988761902,
    0.7405860424041748,
    0.7544955611228943,
    0.7440782785415649,
    0.7582000494003296,
    0.7624009251594543,
    0.7612318992614746,
    0.7618973255157471,
    0.7681065797805786,
    0.771439254283905,
    0.7665294408798218,
    0.7738499641418457,
    0.7721675038337708,
    0.7673389315605164,
    0.7735198736190796,
    0.7731848955154419,
    0.7690125107765198,
    0.7746344208717346,
    0.7688326835632324
  ],
  "lr": [
    0.0001,
    0.0001,
    0.0001,
    0.0001,
    0.0001,
    0.0001,
    0.0001,
    0.0001,
    0.0001,
    0.0001,
    5e-05,
    5e-05,
    5e-05,
    5e-05,
    5e-05,
    5e-05,
    5e-05,
    5e-05,
    5e-05,
    5e-05
  ]
}